city,country,continent,lat,lon,metro_population_m,elevation_m,avg_annual_temp_c
Kinshasa,Democratic Republic of the Congo,Africa,-4.3276,15.3136,16.0,281,25.0
Lagos,Nigeria,Africa,6.4541,3.3947,15.388,11,26.7
Cairo,Egypt,Africa,30.0626,31.2497,9.607,23,20.9
Johannesburg,South Africa,Africa,-26.2023,28.0436,9.418,1767,11.0
Abidjan,Ivory Coast,Africa,5.3544,-4.0017,6.321,50,26.5
Dar es Salaam,Tanzania,Africa,-6.8235,39.2695,5.384,24,26.5
Alexandria,Egypt,Africa,31.2018,29.9158,5.264,9,20.5
Kano,Nigeria,Africa,12.0001,8.5167,4.91,484,22.9
Cape Town,South Africa,Africa,-33.9258,18.4232,4.773,25,19.2
Nairobi,Kenya,Africa,-1.2833,36.8167,4.397,1684,16.0
Giza,Egypt,Africa,30.0094,31.2086,4.367,19,20.9
Bamako,Mali,Africa,12.6091,-7.9752,4.228,374,23.5
Addis Ababa,Ethiopia,Africa,9.0250,38.7469,3.86,2405,10.8
Casablanca,Morocco,Africa,33.5883,-7.6114,3.666,27,19.4
Ibadan,Nigeria,Africa,7.3776,3.9059,3.649,181,25.5
Durban,South Africa,Africa,-29.8579,31.0292,3.338,21,21.0
Luanda,Angola,Africa,-8.8368,13.2343,2.776,73,26.0
Abuja,Nigeria,Africa,9.0579,7.4951,2.69,476,23.4
Dakar,Senegal,Africa,14.6937,-17.4441,2.647,12,25.5
Mogadishu,Somalia,Africa,2.0371,45.3438,2.587,12,26.9
Kumasi,Ghana,Africa,6.6885,-1.6244,2.545,270,24.9
Ouagadougou,Burkina Faso,Africa,12.3657,-1.5339,2.415,299,24.0
Algiers,Algeria,Africa,36.7323,3.0875,2.364,113,17.4
Lubumbashi,Democratic Republic of the Congo,Africa,-11.6609,27.4794,2.222,1260,17.9
Lusaka,Zambia,Africa,-15.4067,28.2871,2.212,1277,17.1
Lome,Togo,Africa,6.1287,1.2215,2.188,13,26.7
Port Harcourt,Nigeria,Africa,4.7774,7.0134,2.12,16,26.7
Pretoria,South Africa,Africa,-25.7449,28.1878,2.113,1332,14.0
Mbuji-Mayi,Democratic Republic of the Congo,Africa,-6.1360,23.5898,2.101,621,22.7
Brazzaville,Republic of the Congo,Africa,-4.2661,15.2832,1.982,284,25.0
Khartoum,Sudan,Africa,15.5518,32.5324,1.975,381,22.9
Accra,Ghana,Africa,5.5560,-0.1969,1.963,33,26.6
Conakry,Guinea,Africa,9.5380,-13.6773,1.928,13,26.3
Camayenne,Guinea,Africa,9.5350,-13.6878,1.871,6,26.4
Kakamega,Kenya,Africa,0.2842,34.7523,1.868,1563,16.8
Kaduna,Nigeria,Africa,10.5264,7.4388,1.85,626,22.2
Omdurman,Sudan,Africa,15.6445,32.4777,1.85,391,22.8
Benin City,Nigeria,Africa,6.3381,5.6258,1.782,88,26.2
Soweto,South Africa,Africa,-26.2678,27.8585,1.695,1632,11.8
Kampala,Uganda,Africa,0.3163,32.5822,1.681,1223,19.0
Rabat,Morocco,Africa,34.0132,-6.8326,1.656,46,19.1
Onitsha,Nigeria,Africa,6.1498,6.7857,1.553,57,26.4
Monrovia,Liberia,Africa,6.3005,-10.7969,1.543,32,26.5
Harare,Zimbabwe,Africa,-17.8277,31.0534,1.543,1494,15.2
N'Djamena,Chad,Africa,12.1067,15.0444,1.36,299,24.1
Antananarivo,Madagascar,Africa,-18.9137,47.5361,1.35,1274,16.4
Abobo,Ivory Coast,Africa,5.4161,-4.0159,1.34,105,26.1
Douala,Cameroon,Africa,4.0483,9.7043,1.338,19,26.8
Niamey,Niger,Africa,13.5137,2.1098,1.324,206,24.5
Tripoli,Libya,Africa,32.8874,13.1873,1.303,15,19.8
Yaounde,Cameroon,Africa,3.8667,11.5167,1.299,726,22.2
Maputo,Mozambique,Africa,-25.9655,32.5832,1.255,70,22.1
Kananga,Democratic Republic of the Congo,Africa,-5.8962,22.4166,1.247,643,22.6
Shubra al Khaymah,Egypt,Africa,30.1251,31.2505,1.24,26,20.8
Mombasa,Kenya,Africa,-4.0547,39.6636,1.208,20,26.8
Matola,Mozambique,Africa,-25.9622,32.4589,1.199,42,22.3
Fes,Morocco,Africa,34.0331,-5.0003,1.192,406,16.7
Nouakchott,Mauritania,Africa,18.0858,-15.9785,1.185,10,24.8
Kisangani,Democratic Republic of the Congo,Africa,0.5153,25.1910,1.182,400,24.4
Pikine,Senegal,Africa,14.7646,-17.3907,1.171,17,25.5
Aba,Nigeria,Africa,5.1066,7.3667,1.16,64,26.4
Kigali,Rwanda,Africa,-1.9500,30.0588,1.133,1542,17.0
Touba,Senegal,Africa,14.8623,-15.8753,1.121,47,25.2
Lilongwe,Malawi,Africa,-13.9669,33.7873,1.116,1056,18.8
Maiduguri,Nigeria,Africa,11.8469,13.1571,1.11,325,24.0
Mwanza,Tanzania,Africa,-2.5167,32.9000,1.105,1144,19.5
Ilorin,Nigeria,Africa,8.4966,4.5421,1.08,320,24.4
Gqeberha,South Africa,Africa,-33.9611,25.6149,1.05,61,19.0
Sokoto,Nigeria,Africa,13.0627,5.2432,1.04,296,23.9
Jos,Nigeria,Africa,9.9285,8.8921,1.04,1186,18.6
Tangier,Morocco,Africa,35.7673,-5.7998,1.035,20,18.4
Pointe-Noire,Republic of the Congo,Africa,-4.7761,11.8635,1.032,12,26.8
Khartoum North,Sudan,Africa,15.6493,32.5346,1.012,381,22.9
Marrakesh,Morocco,Africa,31.6342,-7.9999,0.996,457,17.4
Zaria,Nigeria,Africa,11.1113,7.7227,0.98,644,22.0
Sale,Morocco,Africa,34.0531,-6.7985,0.972,34,19.1
Enugu,Nigeria,Africa,6.4413,7.4988,0.95,192,25.5
Warri,Nigeria,Africa,5.5174,5.7501,0.91,6,26.8
Bobo-Dioulasso,Burkina Faso,Africa,11.1806,-4.2949,0.905,453,23.2
Blantyre,Malawi,Africa,-15.7850,35.0085,0.903,1041,18.6
Mulenvos,Angola,Africa,-8.8669,13.3344,0.882,88,25.9
Soshanguve,South Africa,Africa,-25.4729,28.0992,0.872,1179,15.1
Viana,Angola,Africa,-8.9055,13.3750,0.866,128,25.6
Libreville,Gabon,Africa,0.3924,9.4536,0.846,8,26.9
Pietermaritzburg,South Africa,Africa,-29.6168,30.3928,0.839,636,17.1
Bouake,Ivory Coast,Africa,7.6939,-5.0303,0.832,339,24.4
Bukavu,Democratic Republic of the Congo,Africa,-2.4908,28.8428,0.817,1631,16.4
Bangui,Central African Republic,Africa,4.3612,18.5550,0.812,351,24.6
Oran,Algeria,Africa,35.6991,-0.6359,0.803,118,17.8
Freetown,Sierra Leone,Africa,8.4871,-13.2356,0.803,38,26.3
Alasia,Nigeria,Africa,6.4749,3.1691,0.8,37,26.5
Kolwezi,Democratic Republic of the Congo,Africa,-10.7148,25.4667,0.79,1485,16.6
Port Said,Egypt,Africa,31.2653,32.3019,0.781,16,20.4
Nampula,Mozambique,Africa,-15.1165,39.2666,0.77,431,22.7
Bujumbura,Burundi,Africa,-3.3819,29.3614,0.769,807,21.7
Dodoma,Tanzania,Africa,-6.1722,35.7395,0.765,1125,19.4
Benghazi,Libya,Africa,32.1149,20.0686,0.757,3,20.2
Oyo,Nigeria,Africa,7.8537,3.9324,0.736,286,24.7
Abeokuta,Nigeria,Africa,7.1557,3.3451,0.735,64,26.2
Akure,Nigeria,Africa,7.2526,5.1931,0.73,353,24.4
Maianga,Angola,Africa,-8.8469,13.2370,0.728,7,26.4
Kikolo,Angola,Africa,-8.7815,13.3338,0.728,73,26.0
Evaton,South Africa,Africa,-26.5333,27.8500,0.725,1513,12.5
Zanzibar,Tanzania,Africa,-6.1639,39.1979,0.71,14,26.7
Suez,Egypt,Africa,29.9737,32.5263,0.7,11,21.0
Agadir,Morocco,Africa,30.4202,-9.5982,0.698,31,20.7
Bauchi,Nigeria,Africa,10.3103,9.8439,0.694,623,22.2
Tunis,Tunisia,Africa,36.8190,10.1658,0.693,23,17.9
Beira,Mozambique,Africa,-19.8436,34.8389,0.688,6,24.4
Agege,Nigeria,Africa,6.6156,3.3334,0.684,42,26.4
Cotonou,Benin,Africa,6.3654,2.4183,0.679,7,26.7
Katsina,Nigeria,Africa,12.9908,7.6018,0.67,519,22.5
Madinat an Nasr,Egypt,Africa,30.0667,31.3000,0.668,47,20.7
Camama,Angola,Africa,-8.9361,13.2652,0.667,83,25.9
Kitwe,Zambia,Africa,-12.8024,28.2132,0.666,1224,18.0
Bulawayo,Zimbabwe,Africa,-20.1500,28.5833,0.666,1348,15.6
Golfe,Angola,Africa,-8.8664,13.2617,0.656,75,26.0
Calumbo,Angola,Africa,-9.1469,13.4194,0.652,15,26.4
Osogbo,Nigeria,Africa,7.7710,4.5570,0.645,336,24.4
Hoji ya Henda,Angola,Africa,-8.8052,13.2897,0.642,7,26.4
Likasi,Democratic Republic of the Congo,Africa,-10.9830,26.7384,0.636,1288,17.8
Tshikapa,Democratic Republic of the Congo,Africa,-6.4162,20.7999,0.635,484,23.6
Ndola,Zambia,Africa,-12.9587,28.6366,0.628,1307,17.4
Djibouti,Djibouti,Africa,11.5890,43.1450,0.627,6,26.1
Al Mansurah,Egypt,Africa,31.0364,31.3807,0.622,15,20.5
Arusha,Tanzania,Africa,-3.3667,36.6833,0.618,1415,17.7
Benoni,South Africa,Africa,-26.1885,28.3208,0.605,1641,11.8
Lubango,Angola,Africa,-14.9172,13.4925,0.601,1760,14.1
Borama,Somalia,Africa,9.9361,43.1828,0.598,1468,16.8
Huambo,Angola,Africa,-12.7761,15.7392,0.595,1716,14.8
Al Mahallah al Kubra,Egypt,Africa,30.9706,31.1669,0.593,17,20.6
Tanta,Egypt,Africa,30.7885,31.0019,0.577,18,20.6
Nakuru,Kenya,Africa,-0.3072,36.0722,0.571,1802,15.3
Meknes,Morocco,Africa,33.8935,-5.5473,0.568,531,16.0
Nyala,Sudan,Africa,12.0489,24.8807,0.566,661,21.7
Asmara,Eritrea,Africa,15.3381,38.9318,0.564,2334,10.3
Ile-Ife,Nigeria,Africa,7.4824,4.5603,0.56,295,24.7
Gombe,Nigeria,Africa,10.2897,11.1673,0.56,460,23.3
Bloemfontein,South Africa,Africa,-29.1211,26.2140,0.557,1396,12.3
Benguela,Angola,Africa,-12.5767,13.4027,0.555,30,25.8
Cabinda,Angola,Africa,-5.5620,12.1948,0.55,1,26.8
Ajegunle,Nigeria,Africa,6.4520,3.3312,0.55,2,26.7
Owerri,Nigeria,Africa,5.4836,7.0332,0.545,73,26.3
Mbeya,Tanzania,Africa,-8.9000,33.4500,0.542,1697,15.4
Oujda,Morocco,Africa,34.6814,-1.9086,0.54,549,15.5
Calabar,Nigeria,Africa,4.9589,8.3270,0.54,37,26.6
Ebute Ikorodu,Nigeria,Africa,6.6009,3.4882,0.536,4,26.7
Nansana,Uganda,Africa,0.3639,32.5286,0.533,1218,19.1
Assiut,Egypt,Africa,27.1810,31.1837,0.529,56,21.8
Al Fayyum,Egypt,Africa,29.3100,30.8418,0.519,29,21.1
Thembisa,South Africa,Africa,-25.9964,28.2268,0.512,1577,12.3
Kikwit,Democratic Republic of the Congo,Africa,-5.0410,18.8162,0.509,466,23.8
Shanghai,China,Asia,31.2222,121.4581,24.875,12,20.5
Beijing,China,Asia,39.9075,116.3972,18.961,49,16.2
Shenzhen,China,Asia,22.5455,114.0683,17.494,4,23.6
Guangzhou,China,Asia,23.1167,113.2500,16.097,15,23.4
Istanbul,Turkey,Asia,41.0138,28.9497,15.702,39,15.6
Ho Chi Minh City,Vietnam,Asia,10.8230,106.6296,14.003,7,26.2
Chengdu,China,Asia,30.6667,104.0667,13.568,499,17.5
Lahore,Pakistan,Asia,31.5580,74.3507,13.004,216,19.0
Mumbai,India,Asia,19.0728,72.8826,12.692,8,24.5
Karachi,Pakistan,Asia,24.8608,67.0104,11.624,8,22.9
Tianjin,China,Asia,39.1422,117.1767,11.09,11,16.8
Delhi,India,Asia,28.6519,77.2315,11.035,227,20.1
Wuhan,China,Asia,30.5833,114.2667,10.393,20,20.7
Dhaka,Bangladesh,Asia,23.7104,90.4074,10.357,23,23.1
Seoul,South Korea,Asia,37.5660,126.9784,10.349,38,17.4
Tokyo,Japan,Asia,35.6895,139.6917,9.733,44,18.3
Dongguan,China,Asia,23.0180,113.7487,9.645,1,23.5
Xi'an,China,Asia,34.2583,108.9286,9.6,416,16.6
Nanjing,China,Asia,32.0617,118.7778,9.315,22,20.1
Hangzhou,China,Asia,30.2936,120.1614,9.236,12,20.9
Foshan,China,Asia,23.0268,113.1315,9.043,5,23.5
Jakarta,Indonesia,Asia,-6.2146,106.8451,8.54,16,26.6
Bengaluru,India,Asia,12.9719,77.5937,8.495,920,19.9
Hanoi,Vietnam,Asia,21.0245,105.8412,8.054,10,24.0
Taipei,Taiwan,Asia,25.0531,121.5264,7.872,5,22.8
Chongqing,China,Asia,29.5603,106.5577,7.458,289,19.4
Hong Kong,Hong Kong,Asia,22.2783,114.1747,7.396,60,23.3
Baghdad,Iraq,Asia,33.3406,44.4009,7.216,41,19.4
Wuzhong,China,Asia,37.9867,106.2010,7.203,1133,10.1
Qingdao,China,Asia,36.0649,120.3804,7.172,16,18.3
Tehran,Iran,Asia,35.6944,51.4215,7.153,1178,10.9
Shenyang,China,Asia,41.7922,123.4328,7.05,53,15.1
Hyderabad,India,Asia,17.3840,78.4564,6.993,515,21.7
Suzhou,China,Asia,31.3041,120.5954,6.716,10,20.5
Ahmedabad,India,Asia,23.0258,72.5873,6.358,56,23.1
Pudong,China,Asia,31.2400,121.5009,5.682,9,20.5
Singapore,Singapore,Asia,1.2897,103.8501,5.639,23,26.8
Harbin,China,Asia,45.7500,126.6500,5.243,140,12.3
Bangkok,Thailand,Asia,13.7540,100.5014,5.104,12,25.7
Hefei,China,Asia,31.8639,117.2808,5.05,24,20.1
Dalian,China,Asia,38.9122,121.6022,4.914,33,16.8
Peshawar,Pakistan,Asia,34.0080,71.5785,4.759,340,17.2
Changchun,China,Asia,43.8800,125.3228,4.715,206,13.0
Jeddah,Saudi Arabia,Asia,21.4901,39.1862,4.697,7,23.9
Chennai,India,Asia,13.0878,80.2785,4.681,14,25.8
Kolkata,India,Asia,22.5626,88.3630,4.631,11,23.6
Xiamen,China,Asia,24.4798,118.0819,4.617,12,23.0
Surat,India,Asia,21.1959,72.8302,4.591,20,23.9
Yangon,Myanmar,Asia,16.8053,96.1561,4.478,30,24.9
Bao'an,China,Asia,22.5521,113.8829,4.477,0,23.6
Kabul,Afghanistan,Asia,34.5281,69.1723,4.435,1798,7.4
Wuxi,China,Asia,31.5689,120.2886,4.397,10,20.4
Jinan,China,Asia,36.6683,116.9972,4.336,32,17.9
Taiyuan,China,Asia,37.8694,112.5603,4.304,795,12.4
Zhengzhou,China,Asia,34.7578,113.6486,4.254,104,18.4
Riyadh,Saudi Arabia,Asia,24.6877,46.7219,4.206,612,19.0
New Taipei City,Taiwan,Asia,25.0620,121.4570,4.004,4,22.8
New Territories,Hong Kong,Asia,22.4244,114.1110,3.984,231,22.2
Shijiazhuang,China,Asia,38.0414,114.4786,3.939,77,16.9
Chattogram,Bangladesh,Asia,22.3384,91.8317,3.92,15,23.6
Kunming,China,Asia,25.0389,102.7183,3.855,1895,10.5
Zhongshan,China,Asia,22.5231,113.3791,3.842,9,23.6
Nanning,China,Asia,22.8167,108.3167,3.84,91,23.0
Shantou,China,Asia,23.3549,116.6788,3.839,3,23.4
Faisalabad,Pakistan,Asia,31.4155,73.0897,3.8,186,19.3
Dubai,United Arab Emirates,Asia,25.0772,55.3093,3.79,24,22.7
Yokohama,Japan,Asia,35.4333,139.6500,3.777,21,18.6
Fuzhou,China,Asia,26.0614,119.3061,3.74,14,22.4
Ningbo,China,Asia,29.8782,121.5494,3.731,15,21.0
Puyang,China,Asia,29.4568,119.8887,3.59,76,20.8
Ankara,Turkey,Asia,39.9199,32.8543,3.517,850,11.0
Shiyan,China,Asia,32.6475,110.7781,3.46,247,18.4
Tangshan,China,Asia,39.6438,118.1832,3.372,7,16.6
Rawalpindi,Pakistan,Asia,33.5973,73.0479,3.358,501,16.3
Lueliang,China,Asia,37.5192,111.1444,3.346,959,11.5
Changzhou,China,Asia,31.7736,119.9540,3.291,9,20.3
Busan,South Korea,Asia,35.1017,129.0300,3.285,15,18.8
Pyongyang,North Korea,Asia,39.0339,125.7543,3.222,43,16.7
Zibo,China,Asia,36.7906,118.0633,3.129,51,17.7
Pune,India,Asia,18.5196,73.8554,3.124,554,21.1
Bursa,Turkey,Asia,40.1956,29.0601,3.102,155,15.3
Changsha,China,Asia,28.1987,112.9709,3.094,67,21.3
Quezon City,Philippines,Asia,14.6488,121.0509,3.084,49,25.3
Jaipur,India,Asia,26.9196,75.7878,3.046,435,19.4
Guiyang,China,Asia,26.5833,106.7167,3.037,1087,15.3
UEruemqi,China,Asia,43.8010,87.6005,3.029,862,8.7
Surabaya,Indonesia,Asia,-7.2492,112.7508,3.018,8,26.6
Incheon,South Korea,Asia,37.4565,126.7052,3.015,43,17.5
Lanzhou,China,Asia,36.0570,103.8399,3.0,1521,8.5
Izmir,Turkey,Asia,38.4127,27.1384,2.938,122,16.5
Huizhou,China,Asia,23.1115,114.4152,2.9,25,23.3
Haikou,China,Asia,20.0342,110.3465,2.873,9,24.3
Taichung,Taiwan,Asia,24.1469,120.6839,2.85,91,22.6
Kanpur,India,Asia,26.4652,80.3498,2.823,137,21.5
Osaka,Japan,Asia,34.6938,135.5011,2.754,4,19.0
Linyi,China,Asia,35.0631,118.3428,2.744,69,18.4
Baoding,China,Asia,38.8729,115.4625,2.74,15,16.9
Kaohsiung,Taiwan,Asia,22.6163,120.3133,2.738,9,23.6
Minhang,China,Asia,31.1088,121.3747,2.717,12,20.5
Bazhong,China,Asia,31.8694,106.7443,2.713,393,17.7
Gazipur,Bangladesh,Asia,23.9984,90.4223,2.675,12,23.1
Wenzhou,China,Asia,27.9994,120.6668,2.65,10,21.8
Bekasi,Indonesia,Asia,-6.2349,106.9896,2.648,18,26.6
Haiphong,Vietnam,Asia,20.8648,106.6834,2.625,12,24.0
Yunfu,China,Asia,22.9279,112.0381,2.613,67,23.1
Navi Mumbai,India,Asia,19.0368,73.0158,2.6,14,24.5
Bandung,Indonesia,Asia,-6.9222,107.6069,2.528,714,22.0
Gujranwala,Pakistan,Asia,32.1557,74.1870,2.511,230,18.7
Huai'an,China,Asia,33.5886,119.0192,2.494,14,19.5
Medan,Indonesia,Asia,3.5833,98.6667,2.486,26,26.7
Lucknow,India,Asia,26.8393,80.9231,2.472,126,21.4
Nagpur,India,Asia,21.1463,79.0849,2.406,319,22.0
Daegu,South Korea,Asia,35.8703,128.5911,2.366,45,18.2
Nanchang,China,Asia,28.6840,115.8531,2.358,20,21.4
Baku,Azerbaijan,Asia,40.3777,49.8920,2.351,-23,16.2
Hohhot,China,Asia,40.8106,111.6522,2.35,1051,9.2
Nagoya,Japan,Asia,35.1815,136.9064,2.332,23,18.7
Mashhad,Iran,Asia,36.2981,59.6057,2.307,980,11.9
Shaoxing,China,Asia,30.0024,120.5786,2.3,21,20.9
Nantong,China,Asia,32.0303,120.8747,2.273,6,20.2
Baoshan,China,Asia,31.4084,121.4896,2.266,5,20.5
Kowloon,Hong Kong,Asia,22.3167,114.1833,2.232,92,23.1
Yantai,China,Asia,37.4765,121.4408,2.228,22,17.6
Gaziantep,Turkey,Asia,37.0594,37.3825,2.222,842,12.5
Zhuhai,China,Asia,22.2769,113.5678,2.207,35,23.5
Multan,Pakistan,Asia,30.1968,71.4782,2.17,126,20.2
Depok,Indonesia,Asia,-6.4000,106.8186,2.164,92,26.1
Baotou,China,Asia,40.6516,109.8439,2.15,1064,9.2
Coimbatore,India,Asia,11.0055,76.9661,2.137,411,23.5
Qingyang,China,Asia,35.7098,107.6445,2.125,1427,9.3
Aleppo,Syria,Asia,36.2012,37.1612,2.098,401,15.7
Kunshan,China,Asia,31.3776,120.9543,2.092,10,20.4
Al Mawsil al Jadidah,Iraq,Asia,36.3327,43.1056,2.066,239,16.7
Weifang,China,Asia,36.7100,119.1019,2.044,30,17.9
Zunyi,China,Asia,27.6867,106.9072,2.038,867,16.3
Al Basrah al Qadimah,Iraq,Asia,30.5032,47.8151,2.015,7,20.8
Lianyungang,China,Asia,34.5984,119.2156,2.001,1,19.1
Indore,India,Asia,22.7179,75.8333,1.994,550,20.0
Tashkent,Uzbekistan,Asia,41.2647,69.2163,1.978,424,13.0
Ganzhou,China,Asia,25.8466,114.9326,1.977,117,21.8
Almaty,Kazakhstan,Asia,43.2525,76.9115,1.977,783,9.6
Songjiang,China,Asia,31.0344,121.2233,1.974,3,20.6
Sapporo,Japan,Asia,43.0667,141.3500,1.974,26,14.6
Ordos,China,Asia,39.6086,109.7816,1.941,2149,2.7
Sanaa,Yemen,Asia,15.3545,44.2065,1.937,2253,10.8
Tangerang,Indonesia,Asia,-6.1781,106.6300,1.928,18,26.6
Hyderabad,Pakistan,Asia,25.3969,68.3772,1.921,14,22.7
Beirut,Lebanon,Asia,33.8933,35.5016,1.916,40,19.2
Jieyang,China,Asia,23.5418,116.3658,1.899,7,23.3
Jilin,China,Asia,43.8465,126.5608,1.896,188,13.1
Jiading,China,Asia,31.3858,121.2446,1.886,9,20.4
Shangqiu,China,Asia,34.4143,115.6561,1.86,52,18.8
Nanchong,China,Asia,30.7951,106.0847,1.859,287,18.9
Tainan,Taiwan,Asia,22.9908,120.2133,1.857,26,23.3
Datong,China,Asia,40.0936,113.2914,1.85,1054,9.5
Davao,Philippines,Asia,7.0731,125.6128,1.849,13,26.6
Thane,India,Asia,19.1970,72.9635,1.841,23,24.4
Diyarbakir,Turkey,Asia,37.9136,40.2172,1.834,674,13.1
Vadodara,India,Asia,22.2994,73.2081,1.822,46,23.4
Adana,Turkey,Asia,36.9862,35.3253,1.817,30,17.8
Nanyang,China,Asia,33.0052,112.5466,1.812,126,19.0
Abu Dhabi,United Arab Emirates,Asia,24.4512,54.3970,1.807,6,23.0
Palembang,Indonesia,Asia,-2.9167,104.7458,1.801,5,26.9
Sharjah,United Arab Emirates,Asia,25.3342,55.4122,1.8,15,22.7
Bhopal,India,Asia,23.2547,77.4029,1.798,523,20.0
Jiangmen,China,Asia,22.5833,113.0833,1.795,11,23.6
Jiangyin,China,Asia,31.9110,120.2630,1.78,7,20.2
Fuyang,China,Asia,32.9000,115.8167,1.769,31,19.7
Bayan Nur,China,Asia,40.7414,107.3860,1.76,1050,9.2
Chaozhou,China,Asia,23.6540,116.6226,1.751,23,23.2
Qingyuan,China,Asia,23.7000,113.0333,1.738,11,23.2
Tai'an,China,Asia,36.1853,117.1200,1.735,143,17.4
Rasapudipalem,India,Asia,17.7331,83.3162,1.728,45,24.6
Pimpri-Chinchwad,India,Asia,18.6187,73.8037,1.728,568,21.0
Caloocan,Philippines,Asia,14.6495,120.9679,1.713,6,25.5
Semarang,Indonesia,Asia,-6.9931,110.4208,1.695,18,26.6
Patna,India,Asia,25.5941,85.1356,1.684,53,22.3
Kallakurichi,India,Asia,11.7338,78.9592,1.683,124,25.3
Mosul,Iraq,Asia,36.3350,43.1189,1.683,228,16.8
Xining,China,Asia,36.6255,101.7574,1.677,2275,3.4
Changshu,China,Asia,31.6461,120.7422,1.677,9,20.3
Huainan,China,Asia,32.6264,116.9969,1.667,47,19.7
Suzhou,China,Asia,33.6361,116.9789,1.648,34,19.3
Lu'an,China,Asia,31.7356,116.5169,1.644,81,19.8
Ludhiana,India,Asia,30.9120,75.8538,1.619,256,19.0
Yancheng,China,Asia,33.3575,120.1573,1.616,3,19.6
Erbil,Iraq,Asia,36.1912,44.0094,1.613,429,15.6
Fukuoka,Japan,Asia,33.6000,130.4167,1.612,3,19.5
Taizhou,China,Asia,32.4907,119.9081,1.607,10,20.0
Daqing,China,Asia,46.5833,125.0000,1.604,146,11.7
Manila,Philippines,Asia,14.6042,120.9822,1.6,13,25.5
Wuhu,China,Asia,31.3526,118.4295,1.598,9,20.5
Dazhou,China,Asia,31.2106,107.4631,1.589,292,18.7
Yangzhou,China,Asia,32.3972,119.4358,1.584,14,20.0
Makkah,Saudi Arabia,Asia,21.4266,39.8256,1.579,333,21.8
Phnom Penh,Cambodia,Asia,11.5625,104.9160,1.574,20,26.0
Guilin,China,Asia,25.2802,110.2964,1.572,141,21.9
Damascus,Syria,Asia,33.5102,36.2913,1.569,701,15.0
Quetta,Pakistan,Asia,30.1841,67.0014,1.566,1683,10.0
Zhaoqing,China,Asia,23.0489,112.4609,1.553,16,23.4
Mianyang,China,Asia,31.4678,104.6817,1.55,471,17.4
Isfahan,Iran,Asia,32.6525,51.6746,1.547,1578,9.7
Wanzhou,China,Asia,30.7645,108.3959,1.546,205,19.4
Astana,Kazakhstan,Asia,51.1801,71.4460,1.544,358,7.4
Putian,China,Asia,25.4394,119.0103,1.539,23,22.6
Kawasaki,Japan,Asia,35.5206,139.7172,1.538,1,18.7
Kobe,Japan,Asia,34.6913,135.1830,1.525,35,18.8
Can Tho,Vietnam,Asia,10.0371,105.7883,1.507,3,26.3
Khulna,Bangladesh,Asia,22.8098,89.5644,1.501,8,23.5
Yinchuan,China,Asia,38.4681,106.2731,1.488,1117,10.0
Taizhou,China,Asia,28.6627,121.4331,1.486,15,21.5
Nashik,India,Asia,19.9973,73.7910,1.486,584,20.6
Yiwu,China,Asia,29.3151,120.0768,1.481,84,20.8
Makassar,Indonesia,Asia,-5.1486,119.4319,1.474,6,26.8
Quanzhou,China,Asia,24.9139,118.5858,1.469,14,22.8
Madurai,India,Asia,9.9190,78.1195,1.466,139,25.4
Jinhua,China,Asia,29.1068,119.6442,1.464,55,21.1
Kyoto,Japan,Asia,35.0211,135.7538,1.464,50,18.6
Cixi,China,Asia,30.1764,121.2457,1.458,11,20.9
Changde,China,Asia,29.0321,111.6984,1.457,38,21.2
Kuala Lumpur,Malaysia,Asia,3.1412,101.6865,1.454,56,26.6
Kaifeng,China,Asia,34.7986,114.3074,1.452,76,18.5
Kayseri,Turkey,Asia,38.7322,35.4853,1.452,1054,10.2
Anshan,China,Asia,41.1236,122.9900,1.45,55,15.5
Karaj,Iran,Asia,35.8327,50.9915,1.448,1341,9.8
Kathmandu,Nepal,Asia,27.7017,85.3206,1.442,1317,13.4
Daejeon,South Korea,Asia,36.3491,127.3849,1.441,58,17.9
Suqian,China,Asia,33.9492,118.2958,1.438,23,19.2
Baoji,China,Asia,34.3678,107.2370,1.438,567,15.5
Liuzhou,China,Asia,24.3240,109.4070,1.437,102,22.4
Tirunelveli,India,Asia,8.7274,77.6838,1.436,49,26.2
Konya,Turkey,Asia,37.8713,32.4846,1.434,1030,10.8
Zhangjiagang,China,Asia,31.8650,120.5389,1.432,13,20.2
South Tangerang,Indonesia,Asia,-6.2886,106.7179,1.43,39,26.5
Agra,India,Asia,27.1833,78.0167,1.43,166,21.0
Tabriz,Iran,Asia,38.0800,46.2919,1.425,1396,8.4
Jinjiang,China,Asia,24.8198,118.5742,1.416,33,22.7
Faridabad,India,Asia,28.4112,77.3132,1.414,209,20.3
Qujing,China,Asia,25.4833,103.7833,1.409,1887,10.4
Bozhou,China,Asia,33.8772,115.7703,1.409,40,19.2
Zhanjiang,China,Asia,21.2339,110.3875,1.401,16,23.9
Fushun,China,Asia,41.8867,123.9436,1.401,85,14.9
Gwangju,South Korea,Asia,35.1547,126.9156,1.401,47,18.5
Luoyang,China,Asia,34.6735,112.4368,1.391,128,18.2
Rajkot,India,Asia,22.2916,70.7932,1.391,140,22.8
Guankou,China,Asia,28.1586,113.6271,1.38,79,21.3
Hue,Vietnam,Asia,16.4619,107.5955,1.38,8,25.2
Najafgarh,India,Asia,28.6092,76.9798,1.365,215,20.2
Handan,China,Asia,36.6100,114.4876,1.358,61,17.8
Bannu,Pakistan,Asia,32.9853,70.6040,1.358,379,17.4
Yichang,China,Asia,30.7144,111.2847,1.35,63,20.4
Heze,China,Asia,35.2393,115.4736,1.347,53,18.5
Jamshedpur,India,Asia,22.8028,86.1855,1.339,171,22.5
Antalya,Turkey,Asia,36.9081,30.6956,1.335,61,17.6
Basrah,Iraq,Asia,30.5085,47.7804,1.327,4,20.8
Gorakhpur,India,Asia,29.4477,75.6721,1.325,218,19.9
Saitama,Japan,Asia,35.9081,139.6566,1.325,16,18.4
Liupanshui,China,Asia,26.5944,104.8333,1.321,1799,10.6
Maoming,China,Asia,21.6663,110.9136,1.308,31,23.7
Taguig,Philippines,Asia,14.5243,121.0792,1.308,5,25.6
Madinah,Saudi Arabia,Asia,24.4686,39.6142,1.3,603,19.1
Batam,Indonesia,Asia,1.1494,104.0249,1.297,38,26.7
Qinzhou,China,Asia,21.9825,108.6506,1.296,12,23.7
Xiangyang,China,Asia,32.0422,112.1448,1.295,71,19.8
Luohe,China,Asia,33.5742,114.0326,1.295,67,19.1
Yangjiang,China,Asia,21.8556,111.9627,1.293,15,23.7
Yixing,China,Asia,31.3606,119.8202,1.286,8,20.5
Pimpri,India,Asia,18.6229,73.8070,1.285,571,21.0
Amman,Jordan,Asia,31.9552,35.9450,1.276,757,15.3
Da Nang,Vietnam,Asia,16.0678,108.2208,1.276,11,25.2
Budta,Philippines,Asia,7.2042,124.4397,1.274,4,26.6
Bien Hoa,Vietnam,Asia,10.9447,106.8243,1.272,6,26.2
Qingpu,China,Asia,31.1539,121.1141,1.271,6,20.6
Xuchang,China,Asia,34.0319,113.8630,1.266,71,18.9
Zigong,China,Asia,29.3416,104.7769,1.262,306,19.3
Kalyan,India,Asia,19.2437,73.1355,1.262,10,24.5
Jepara,Indonesia,Asia,-6.5924,110.6710,1.258,5,26.7
Xuzhou,China,Asia,34.2044,117.2839,1.254,35,19.1
Dammam,Saudi Arabia,Asia,26.4344,50.1033,1.253,10,22.3
Ra's Bayrut,Lebanon,Asia,33.9000,35.4833,1.252,35,19.2
Neijiang,China,Asia,29.5835,105.0622,1.251,349,19.0
Heshan,China,Asia,28.5694,112.3473,1.25,73,21.1
Shiraz,Iran,Asia,29.6103,52.5311,1.25,1545,11.2
Dombivali,India,Asia,19.2167,73.0833,1.247,11,24.5
Jining,China,Asia,35.4050,116.5814,1.241,43,18.4
Putuo,China,Asia,31.2510,121.3897,1.239,10,20.5
Suwon,South Korea,Asia,37.2911,127.0089,1.235,58,17.4
Xinyang,China,Asia,32.1228,114.0656,1.23,89,19.6
Liaocheng,China,Asia,36.4506,116.0025,1.23,32,18.0
Jinzhong,China,Asia,37.6840,112.7547,1.227,821,12.3
Meerut,India,Asia,28.9800,77.7064,1.223,228,20.0
Virar,India,Asia,19.4559,72.8114,1.222,9,24.4
Nowrangapur,India,Asia,19.2311,82.5483,1.221,578,20.8
Karbala,Iraq,Asia,32.6160,44.0249,1.219,32,19.8
Changzhi,China,Asia,36.1839,113.1053,1.215,937,12.3
Tianshui,China,Asia,34.5795,105.7424,1.213,1153,11.6
Sadr City,Iraq,Asia,33.3889,44.4583,1.212,39,19.4
Yangpu,China,Asia,31.2619,121.5190,1.211,9,20.5
Mandalay,Myanmar,Asia,21.9747,96.0836,1.208,83,23.3
Srinagar,India,Asia,34.0857,74.8055,1.206,1589,9.0
Hiroshima,Japan,Asia,34.4000,132.4500,1.201,16,19.1
Shymkent,Kazakhstan,Asia,42.3099,69.6004,1.2,520,11.8
Weinan,China,Asia,34.5035,109.5089,1.199,354,16.8
Ghaziabad,India,Asia,28.6654,77.4391,1.199,214,20.2
Hong Kong Island,Hong Kong,Asia,22.2630,114.1842,1.196,170,22.6
Dhanbad,India,Asia,23.7976,86.4299,1.196,247,21.7
Jiaxing,China,Asia,30.7522,120.7500,1.18,8,20.7
Zhongwei,China,Asia,37.5113,105.1907,1.175,1227,9.7
Aurangabad,India,Asia,19.8776,75.3423,1.175,588,20.6
Pekanbaru,Indonesia,Asia,0.5167,101.4417,1.168,19,26.9
Panjin,China,Asia,41.1210,122.0739,1.166,7,15.8
Bandar Lampung,Indonesia,Asia,-5.4292,105.2611,1.166,95,26.2
Jiujiang,China,Asia,29.7048,116.0021,1.164,41,20.9
Varanasi,India,Asia,25.3167,83.0104,1.164,86,22.2
Amritsar,India,Asia,31.6223,74.8753,1.159,244,18.8
Anyang,China,Asia,36.0960,114.3828,1.147,70,17.9
Yerevan,Armenia,Asia,40.1776,44.5126,1.145,1002,9.8
Luohu District,China,Asia,22.5472,114.1315,1.144,2,23.6
Vijayawada,India,Asia,16.5074,80.6466,1.143,47,24.9
Fengxiang,China,Asia,30.8584,121.4678,1.141,5,20.7
Bijie,China,Asia,27.3019,105.2863,1.137,1471,12.5
Zhuzhou,China,Asia,27.8333,113.1500,1.13,54,21.5
Malingao,Philippines,Asia,7.1608,124.4750,1.122,5,26.6
Ranchi,India,Asia,23.3432,85.3094,1.12,643,19.2
Shangrao,China,Asia,28.4518,117.9429,1.116,84,21.1
Huaibei,China,Asia,33.9744,116.7917,1.113,51,19.1
Xuhui,China,Asia,31.1959,121.4471,1.11,11,20.5
Meishan,China,Asia,30.0439,103.8370,1.108,423,18.3
Ulsan,South Korea,Asia,35.5372,129.3167,1.098,10,18.6
Sendai,Japan,Asia,38.2667,140.8667,1.097,53,17.0
Fuzhou,China,Asia,27.9600,116.3333,1.09,53,21.5
Guigang,China,Asia,23.1160,109.5947,1.086,40,23.2
Jabalpur,India,Asia,23.1670,79.9501,1.082,416,20.8
Aden,Yemen,Asia,12.7796,45.0385,1.08,7,25.9
Bogor,Indonesia,Asia,-6.5944,106.7892,1.078,245,25.1
Hengyang,China,Asia,26.8895,112.6189,1.076,66,21.8
Prayagraj,India,Asia,25.4448,81.8432,1.073,99,22.1
Visakhapatnam,India,Asia,17.6801,83.2016,1.063,24,24.8
Goyang-si,South Korea,Asia,37.6564,126.8350,1.062,19,17.5
Yulin,China,Asia,22.6305,110.1469,1.057,87,23.1
Jodhpur,India,Asia,26.2684,73.0059,1.056,237,20.9
Gwalior,India,Asia,26.2298,78.1734,1.054,220,21.0
Jingzhou,China,Asia,30.3503,112.1903,1.052,39,20.7
Tbilisi,Georgia,Asia,41.6914,44.8341,1.049,433,12.7
Xinxiang,China,Asia,35.1903,113.8015,1.047,82,18.3
Yichun,China,Asia,27.8333,114.4000,1.046,99,21.2
Teni,India,Asia,10.0112,77.4777,1.035,300,24.4
Xianyang,China,Asia,34.3378,108.7026,1.034,387,16.7
Rangpur,Bangladesh,Asia,25.7466,89.2517,1.031,36,22.4
Sanya,China,Asia,18.2543,109.5095,1.031,1,24.8
Kirkuk,Iraq,Asia,35.4681,44.3922,1.031,346,16.4
Comilla,Bangladesh,Asia,23.4619,91.1850,1.03,17,23.3
Ashgabat,Turkmenistan,Asia,37.9500,58.3833,1.03,219,16.1
Shaoguan,China,Asia,24.8000,113.5833,1.028,69,22.5
Howrah,India,Asia,22.5769,88.3186,1.028,8,23.6
Raipur,India,Asia,21.2333,81.6333,1.027,296,22.1
Changwon,South Korea,Asia,35.2281,128.6811,1.026,27,18.6
Longyan,China,Asia,25.0749,117.0178,1.025,318,20.8
Tiruchirappalli,India,Asia,10.8155,78.6965,1.023,79,25.7
Yongzhou,China,Asia,26.4239,111.6131,1.021,101,21.7
Zamboanga,Philippines,Asia,6.9103,122.0739,1.019,9,26.6
Huzhou,China,Asia,30.8703,120.0933,1.016,6,20.7
Wuwei,China,Asia,37.9267,102.6320,1.01,1542,7.5
Hanzhong,China,Asia,33.0751,107.0221,1.007,517,16.4
Hezhou,China,Asia,24.4036,111.5667,1.005,106,22.4
Kota,India,Asia,25.1825,75.8391,1.002,267,21.1
Zhu Cheng City,China,Asia,35.9950,119.4026,1.0,67,18.0
Shivaji Nagar,India,Asia,18.5302,73.8526,1.0,1000,18.2
Luzhou,China,Asia,28.8903,105.4257,0.999,256,19.8
Dongying,China,Asia,37.4627,118.4917,0.999,6,17.7
Sholapur,India,Asia,17.6715,75.9104,0.997,473,21.9
Meizhou,China,Asia,24.2886,116.1177,0.992,84,22.6
Yueyang,China,Asia,29.3745,113.0948,0.991,43,21.0
Laiwu,China,Asia,36.1928,117.6569,0.99,182,17.2
Benxi,China,Asia,41.2886,123.7650,0.988,212,14.4
Esenyurt,Turkey,Asia,41.0270,28.6773,0.984,97,15.3
Chiba,Japan,Asia,35.6000,140.1167,0.98,5,18.6
Pingdingshan,China,Asia,33.7309,113.3155,0.979,82,19.0
Sargodha,Pakistan,Asia,32.0859,72.6742,0.976,187,19.0
Bengbu,China,Asia,32.9408,117.3608,0.973,31,19.6
Jerusalem,Israel,Asia,31.7690,35.2163,0.972,786,15.2
Chandigarh,India,Asia,30.7363,76.7884,0.971,351,18.5
Sanhe,China,Asia,39.9805,117.0689,0.965,24,16.3
Cebu City,Philippines,Asia,10.3167,123.8907,0.965,37,26.1
Tiruppur,India,Asia,11.1154,77.3546,0.963,305,24.2
Guwahati,India,Asia,26.1844,91.7458,0.962,59,22.1
Xiangtan,China,Asia,27.8500,112.9000,0.959,31,21.7
Linfen,China,Asia,36.0889,111.5189,0.959,451,15.5
Victoria,Hong Kong,Asia,22.2875,114.1442,0.957,31,23.5
Zhenjiang,China,Asia,32.2109,119.4551,0.951,26,20.0
Sultanah,Saudi Arabia,Asia,24.4926,39.5857,0.947,597,19.2
Huludao,China,Asia,40.7524,120.8355,0.944,17,15.9
Hubballi,India,Asia,15.3478,75.1338,0.944,627,21.4
Padang,Indonesia,Asia,-0.9492,100.3543,0.943,6,27.0
Kitakyushu,Japan,Asia,33.8518,130.8503,0.941,57,19.1
Taiz,Yemen,Asia,13.5795,44.0209,0.941,1400,16.7
Setagaya,Japan,Asia,35.6419,139.6472,0.94,44,18.3
Baoshan,China,Asia,25.1163,99.1637,0.936,1680,11.9
Jing'an,China,Asia,31.2200,121.4158,0.936,32,20.4
Rui'an,China,Asia,27.7761,120.6586,0.927,4,21.9
Nay Pyi Taw,Myanmar,Asia,19.7450,96.1297,0.925,122,23.6
Eskisehir,Turkey,Asia,39.7767,30.5206,0.922,794,11.4
Mysuru,India,Asia,12.2979,76.6393,0.921,757,21.1
Salem,India,Asia,11.6538,78.1554,0.917,283,24.3
Seongnam-si,South Korea,Asia,37.4386,127.1378,0.915,80,17.2
Antipolo,Philippines,Asia,14.6258,121.1225,0.914,23,25.4
Sialkot,Pakistan,Asia,32.4927,74.5313,0.912,250,18.4
Laibin,China,Asia,23.7474,109.2222,0.91,72,22.8
Xiaogan,China,Asia,30.9269,113.9222,0.908,35,20.5
Ziyang,China,Asia,30.1211,104.6481,0.906,365,18.6
Bahawalpur,Pakistan,Asia,29.3978,71.6752,0.904,121,20.5
Quzhou,China,Asia,28.9594,118.8686,0.903,77,21.0
Zaozhuang,China,Asia,34.8647,117.5542,0.9,79,18.5
Abu Ghurayb,Iraq,Asia,33.3056,44.1848,0.9,42,19.4
Qom,Iran,Asia,34.6401,50.8764,0.9,935,13.0
Bishkek,Kyrgyzstan,Asia,42.8700,74.5900,0.9,767,9.9
Pingxiang,China,Asia,27.6167,113.8535,0.894,167,20.9
Malang,Indonesia,Asia,-7.9797,112.6304,0.889,452,23.6
Gurugram,India,Asia,28.4601,77.0263,0.887,228,20.2
Bhubaneswar,India,Asia,20.2724,85.8338,0.885,62,23.9
Zhoushan,China,Asia,29.9887,122.2049,0.883,2,21.1
Qiqihar,China,Asia,47.3392,123.9615,0.882,146,11.3
Sulaymaniyah,Iraq,Asia,35.5650,45.4329,0.878,847,13.1
Puning,China,Asia,23.3107,116.1687,0.875,12,23.3
Bhiwandi,India,Asia,19.3002,73.0588,0.874,9,24.5
Ankang,China,Asia,32.6800,109.0172,0.87,273,18.2
Jalandhar,India,Asia,31.3256,75.5792,0.869,243,18.9
Langfang,China,Asia,39.5208,116.7147,0.868,19,16.6
Jiaozuo,China,Asia,35.2392,113.2391,0.865,90,18.2
Samarinda,Indonesia,Asia,-0.4917,117.1458,0.865,24,26.8
Wanxian,China,Asia,30.8160,108.3741,0.86,232,19.2
Rohini,India,Asia,28.7432,77.0678,0.86,216,20.1
Guang'an,China,Asia,30.4741,106.6370,0.858,244,19.3
Johor Bahru,Malaysia,Asia,1.4655,103.7578,0.858,32,26.8
Arifwala,Pakistan,Asia,30.2906,73.0657,0.854,159,19.9
Pasig City,Philippines,Asia,14.5869,121.0614,0.853,63,25.2
Cheongju-si,South Korea,Asia,36.6372,127.4897,0.852,49,17.8
Kanayannur,India,Asia,9.9667,76.2667,0.851,1,26.3
Bucheon-si,South Korea,Asia,37.4989,126.7831,0.851,14,17.6
Thanh Hoa,Vietnam,Asia,19.8000,105.7667,0.85,5,24.4
Al Ain City,United Arab Emirates,Asia,24.1917,55.7606,0.847,275,21.3
Ulan Bator,Mongolia,Asia,47.9077,106.8832,0.845,1284,3.5
Weihai,China,Asia,37.5091,122.1136,0.844,14,17.6
Takeo,Cambodia,Asia,10.9908,104.7850,0.844,12,26.1
Ahvaz,Iran,Asia,31.3190,48.6842,0.841,23,20.4
Vientiane,Laos,Asia,17.9667,102.6000,0.841,174,23.7
Zhabei,China,Asia,31.2586,121.4597,0.84,10,20.5
Xinyu,China,Asia,27.8043,114.9334,0.839,68,21.5
Yibin,China,Asia,28.7593,104.6399,0.836,323,19.4
Kampung Baru Subang,Malaysia,Asia,3.1500,101.5333,0.834,27,26.8
Taicang,China,Asia,31.4478,121.0939,0.831,4,20.4
Sakai,Japan,Asia,34.5822,135.4665,0.826,2,19.1
Chenzhou,China,Asia,25.8000,113.0333,0.823,180,21.4
Jinshan,China,Asia,30.8356,121.2937,0.823,7,20.7
Bhayandar,India,Asia,19.3016,72.8511,0.809,9,24.5
Petaling Jaya,Malaysia,Asia,3.1073,101.6067,0.808,45,26.6
Anqing,China,Asia,30.5136,117.0472,0.804,19,20.7
Narela,India,Asia,28.8527,77.0929,0.8,219,20.1
Xingtai,China,Asia,37.0622,114.4927,0.799,71,17.5
Niigata,Japan,Asia,37.9226,139.0412,0.798,1,17.5
Muscat,Oman,Asia,23.5841,58.4078,0.797,14,23.2
Zarqa,Jordan,Asia,32.0727,36.0880,0.793,625,16.1
Hamamatsu,Japan,Asia,34.7000,137.7333,0.792,3,19.0
Kuecuekcekmece,Turkey,Asia,40.9910,28.7712,0.792,63,15.5
Cankaya,Turkey,Asia,39.9179,32.8627,0.792,850,11.0
Vinh,Vietnam,Asia,18.6734,105.6923,0.79,12,24.6
Zhaotong,China,Asia,27.3167,103.7167,0.788,1974,9.2
Thiruvananthapuram,India,Asia,8.4855,76.9492,0.788,18,26.4
Panzhihua,China,Asia,26.5851,101.7128,0.787,1101,15.2
Chuzhou,China,Asia,32.3219,118.2978,0.783,24,19.9
Homs,Syria,Asia,34.7240,36.7256,0.775,508,15.7
Xuancheng,China,Asia,30.9525,118.7553,0.774,25,20.5
Ibb,Yemen,Asia,13.9667,44.1833,0.772,1931,13.2
Tasikmalaya,Indonesia,Asia,-7.3274,108.2207,0.771,354,24.3
Shangyu,China,Asia,30.0156,120.8711,0.77,13,21.0
Erzurum,Turkey,Asia,39.9086,41.2769,0.768,1914,4.0
Anshun,China,Asia,26.2500,105.9333,0.765,1374,13.5
Rajshahi,Bangladesh,Asia,24.3740,88.6011,0.764,23,22.9
Dera Ismail Khan,Pakistan,Asia,31.8313,70.9017,0.763,177,19.2
Wuzhou,China,Asia,23.4805,111.2885,0.762,51,23.0
Qinhuangdao,China,Asia,39.9410,119.5894,0.76,2,16.5
Ipoh,Malaysia,Asia,4.5841,101.0829,0.76,45,26.6
Shaoyang,China,Asia,27.2382,111.4621,0.753,243,20.5
Aligarh,India,Asia,27.8815,78.0746,0.753,189,20.6
Malatya,Turkey,Asia,38.3502,38.3167,0.75,963,11.0
Ota,Japan,Asia,35.5613,139.7160,0.748,12,18.6
Andijon,Uzbekistan,Asia,40.7834,72.3507,0.748,497,12.8
Bareilly,India,Asia,28.3668,79.4317,0.745,178,20.5
Buraydah,Saudi Arabia,Asia,26.3260,43.9750,0.745,606,18.5
Hegang,China,Asia,47.3473,130.2903,0.743,190,11.0
Ma'anshan,China,Asia,31.6858,118.5101,0.742,24,20.2
Cagayan de Oro,Philippines,Asia,8.4822,124.6472,0.742,8,26.5
Shah Alam,Malaysia,Asia,3.0851,101.5328,0.741,53,26.6
Bagcilar,Turkey,Asia,41.0390,28.8567,0.74,105,15.2
Shizuishan,China,Asia,38.9808,106.3892,0.739,1112,9.7
Kumamoto,Japan,Asia,32.8059,130.6918,0.739,9,19.8
Serang,Indonesia,Asia,-6.1153,106.1542,0.736,29,26.6
Deyang,China,Asia,31.1302,104.3820,0.735,501,17.3
Al Hudaydah,Yemen,Asia,14.7978,42.9545,0.735,10,25.5
Yangquan,China,Asia,37.8575,113.5633,0.731,722,12.8
Okayama,Japan,Asia,34.6500,133.9333,0.725,5,19.0
Aihara,Japan,Asia,35.6000,139.3167,0.725,157,17.6
Valenzuela,Philippines,Asia,14.7000,120.9667,0.725,12,25.5
Muzaffarabad,Pakistan,Asia,34.3700,73.4708,0.725,739,14.4
Zhumadian,China,Asia,32.9838,114.0259,0.722,82,19.3
General Santos,Philippines,Asia,6.1128,125.1717,0.722,22,26.6
Moradabad,India,Asia,28.8389,78.7768,0.721,205,20.2
Sagamihara,Japan,Asia,35.5671,139.2417,0.721,237,17.1
Namangan,Uzbekistan,Asia,40.9983,71.6726,0.713,442,13.0
Latakia,Syria,Asia,35.5312,35.7909,0.709,29,18.5
Subang Jaya,Malaysia,Asia,3.0438,101.5806,0.708,41,26.7
Warangal,India,Asia,18.0000,79.5833,0.705,258,23.2
Paranaque City,Philippines,Asia,14.4816,121.0175,0.703,22,25.5
Changzhi,China,Asia,35.2089,111.7386,0.7,381,16.3
Dharavi,India,Asia,19.0500,72.8667,0.7,7,24.6
Battagram,Pakistan,Asia,34.6772,73.0233,0.7,1031,12.4
Edogawe,Japan,Asia,35.6923,139.8731,0.698,1,18.6
Changning,China,Asia,31.2174,121.4210,0.695,12,20.5
Balikpapan,Indonesia,Asia,-1.2675,116.8289,0.695,67,26.6
Adachi,Japan,Asia,35.7632,139.8076,0.695,5,18.5
Zhangjiakou,China,Asia,40.7834,114.8714,0.693,744,11.2
Shizuoka,Japan,Asia,34.9833,138.3833,0.693,23,18.8
Fuxin,China,Asia,42.0156,121.6589,0.689,142,14.4
Ta'if,Saudi Arabia,Asia,21.2703,40.4158,0.689,1672,13.1
Changsha,China,Asia,22.3812,112.6849,0.688,6,23.7
Huangshi,China,Asia,30.2471,115.0481,0.688,22,20.8
Hongkou,China,Asia,31.2500,121.4892,0.688,-3,20.6
Liaoyang,China,Asia,41.2719,123.1731,0.688,33,15.5
Hlaingthaya,Myanmar,Asia,16.8500,96.0667,0.688,5,25.1
Baise,China,Asia,23.8901,106.6268,0.686,144,22.3
Situbondo,Indonesia,Asia,-7.7062,114.0098,0.686,36,26.4
Pontianak,Indonesia,Asia,-0.0319,109.3250,0.686,2,27.0
Binzhou,China,Asia,37.3667,118.0167,0.683,14,17.7
Yuncheng,China,Asia,35.0231,110.9928,0.68,361,16.6
Dezhou,China,Asia,37.4466,116.3671,0.68,25,17.6
Dushanbe,Tajikistan,Asia,38.5358,68.7790,0.679,767,12.2
Gorakhpur,India,Asia,26.7663,83.3689,0.674,83,21.7
Denpasar,Indonesia,Asia,-8.6500,115.2167,0.67,33,26.3
Guntur,India,Asia,16.2997,80.4573,0.67,31,25.0
Sanmenxia,China,Asia,34.7808,111.1929,0.669,385,16.5
E'zhou,China,Asia,30.3961,114.8865,0.669,29,20.7
Tabuk,Saudi Arabia,Asia,28.3998,36.5715,0.667,768,16.7
Mudanjiang,China,Asia,44.5480,129.6259,0.666,254,12.3
Leshan,China,Asia,29.5623,103.7639,0.663,375,18.8
Rizhao,China,Asia,35.4141,119.5291,0.662,25,18.6
Cheonan,South Korea,Asia,36.8065,127.1522,0.659,40,17.8
Banjarmasin,Indonesia,Asia,-3.3199,114.5907,0.658,8,26.9
Suining,China,Asia,30.5080,105.5733,0.657,291,19.0
Puducherry,India,Asia,11.9338,79.8298,0.657,11,26.0
Puyang,China,Asia,35.7564,115.0436,0.656,60,18.2
Jajmau,India,Asia,26.4304,80.4095,0.653,128,21.6
Macau,Macao,Asia,22.2006,113.5461,0.649,28,23.6
Colombo,Sri Lanka,Asia,6.9355,79.8487,0.648,7,26.6
Amravati,India,Asia,20.9333,77.7500,0.647,341,21.9
Honcho,Japan,Asia,35.7013,139.9865,0.645,11,18.5
Bikaner,India,Asia,28.0176,73.3149,0.644,229,20.3
Hwaseong-si,South Korea,Asia,37.2068,126.8169,0.641,19,17.7
Chongming,China,Asia,31.6185,121.6962,0.638,6,20.4
Jeonju,South Korea,Asia,35.8219,127.1489,0.638,44,18.2
Al Ahmadi,Kuwait,Asia,29.0769,48.0839,0.637,70,21.0
Hebi,China,Asia,35.7323,114.2862,0.635,84,18.0
Jambi City,Indonesia,Asia,-1.6000,103.6167,0.635,21,26.8
Kochi,India,Asia,9.9399,76.2602,0.634,9,26.3
Chunian,Pakistan,Asia,30.9662,73.9791,0.634,195,19.4
Jingmen,China,Asia,31.0336,112.2047,0.633,94,20.0
Dandong,China,Asia,40.1292,124.3947,0.632,10,16.3
Bhilai,India,Asia,21.2092,81.4285,0.628,307,22.0
Panshan,China,Asia,41.1881,122.0494,0.625,9,15.7
Ansan-si,South Korea,Asia,37.3236,126.8219,0.623,15,17.7
Kermanshah,Iran,Asia,34.3142,47.0650,0.621,1392,10.2
Suizhou,China,Asia,31.7111,113.3631,0.619,67,19.9
Jiaozhou,China,Asia,36.2839,120.0033,0.619,10,18.2
Las Pinas,Philippines,Asia,14.4506,120.9828,0.616,17,25.5
Chizhou,China,Asia,30.6613,117.4778,0.615,21,20.7
Ya'an,China,Asia,29.9852,102.9990,0.612,591,17.2
Cuttack,India,Asia,20.4650,85.8793,0.61,30,24.0
Borivli,India,Asia,19.2350,72.8598,0.61,22,24.4
Kawaguchi,Japan,Asia,35.8052,139.7107,0.607,6,18.5
Bukit Rahman Putra,Malaysia,Asia,3.2173,101.5608,0.607,76,26.4
Jhang Sadr,Pakistan,Asia,31.2698,72.3169,0.607,160,19.5
Bhavnagar,India,Asia,21.7629,72.1533,0.606,24,23.7
Ha'il,Saudi Arabia,Asia,27.5219,41.6907,0.606,1002,15.5
Jinzhou,China,Asia,41.1078,121.1417,0.604,26,15.7
Sanming,China,Asia,26.2486,117.6186,0.602,126,21.6
Islamabad,Pakistan,Asia,33.7215,73.0433,0.602,579,15.7
Sangli,India,Asia,16.8544,74.5642,0.601,553,21.5
Jamnagar,India,Asia,22.4729,70.0667,0.601,18,23.5
Shuangyashan,China,Asia,46.6769,131.1327,0.6,153,11.6
Pokhara,Nepal,Asia,28.2669,83.9685,0.6,1008,15.2
Pallabi,Bangladesh,Asia,23.8250,90.3700,0.598,14,23.2
Luancheng,China,Asia,37.8845,114.6463,0.597,53,17.2
Anyang-si,South Korea,Asia,37.3925,126.9269,0.596,52,17.4
Mengzi,China,Asia,23.3678,103.3821,0.595,1306,14.9
Rasht,Iran,Asia,37.2761,49.5886,0.595,4,17.8
Kagoshima,Japan,Asia,31.5667,130.5500,0.595,6,20.4
Samarkand,Uzbekistan,Asia,39.6546,66.9644,0.595,703,12.1
Mukalla,Yemen,Asia,14.5425,49.1242,0.595,39,25.4
Yingkou,China,Asia,40.6647,122.2318,0.591,4,16.1
Shekhupura,Pakistan,Asia,31.7129,73.9856,0.591,210,19.0
Zhangzhou,China,Asia,24.5133,117.6556,0.59,14,22.9
Thuan An,Vietnam,Asia,10.9239,106.7143,0.589,24,26.1
Suginami,Japan,Asia,36.2013,140.2841,0.588,25,18.2
Itabashi,Japan,Asia,35.7489,139.7150,0.584,35,18.3
Pelentong,Malaysia,Asia,1.5243,103.8240,0.584,25,26.8
Cimahi,Indonesia,Asia,-6.8722,107.5425,0.582,764,21.7
Hachioji,Japan,Asia,35.6558,139.3239,0.579,127,17.8
Malacca,Malaysia,Asia,2.1960,102.2405,0.579,6,26.9
Nha Trang,Vietnam,Asia,12.2451,109.1943,0.579,10,25.9
Kerman,Iran,Asia,30.2832,57.0788,0.578,1760,9.5
Orumiyeh,Iran,Asia,37.5527,45.0761,0.577,1350,8.9
Bahcelievler,Turkey,Asia,41.0023,28.8598,0.577,73,15.4
Jammu,India,Asia,32.7353,74.8617,0.576,357,17.6
Iskandar Puteri,Malaysia,Asia,1.3932,103.6232,0.576,16,26.9
Calamba,Philippines,Asia,14.2117,121.1653,0.575,16,25.6
Herat,Afghanistan,Asia,34.3482,62.1997,0.574,927,13.2
Gujrat,Pakistan,Asia,32.5742,74.0754,0.574,237,18.5
Shihezi,China,Asia,44.3023,86.0369,0.573,467,11.0
Umraniye,Turkey,Asia,41.0164,29.1248,0.573,136,15.0
Irbid,Jordan,Asia,32.5556,35.8500,0.569,570,16.3
Kota Bharu,Malaysia,Asia,6.1236,102.2433,0.569,10,26.7
Bokaro,India,Asia,23.6693,86.1516,0.564,209,21.9
Sukkur,Pakistan,Asia,27.7032,68.8589,0.564,72,21.5
Wenchang,China,Asia,19.5516,110.8028,0.561,17,24.4
Cho Lon,Vietnam,Asia,10.7500,106.6500,0.561,7,26.2
Hamhung,North Korea,Asia,39.9183,127.5364,0.559,16,16.4
Nasiriyah,Iraq,Asia,31.0580,46.2573,0.558,7,20.6
Siping,China,Asia,43.1614,124.3778,0.556,176,13.6
Chuxiong,China,Asia,25.0364,101.5456,0.555,1784,11.3
Huaihua,China,Asia,27.5634,110.0040,0.553,236,20.5
Zahedan,Iran,Asia,29.4963,60.8629,0.552,1380,12.3
Muntinlupa,Philippines,Asia,14.3903,121.0475,0.552,14,25.5
Binh Thanh,Vietnam,Asia,10.8110,106.7060,0.552,13,26.1
Nanded,India,Asia,19.1602,77.3150,0.551,363,22.2
Banqiao,Taiwan,Asia,25.0143,121.4672,0.551,12,22.8
Jiamusi,China,Asia,46.7971,130.3112,0.55,66,12.1
Ulanqab,China,Asia,40.9930,113.1330,0.55,1375,7.0
Kozhikode,India,Asia,11.2480,75.7804,0.55,9,26.1
Korla,China,Asia,41.7606,86.1523,0.549,945,9.3
Kolhapur,India,Asia,16.6956,74.2317,0.549,559,21.5
Nellore,India,Asia,14.4499,79.9870,0.548,21,25.5
Kuantan,Malaysia,Asia,3.8077,103.3260,0.548,12,26.8
Mirpur Model Thana,Bangladesh,Asia,23.8093,90.3609,0.547,24,23.1
Wanning,China,Asia,18.7993,110.3841,0.546,15,24.6
Xinzhou,China,Asia,38.4092,112.7333,0.545,794,12.1
Sungai Petani,Malaysia,Asia,5.6470,100.4877,0.545,17,26.7
Kota Kuala Muda,Malaysia,Asia,5.5882,100.3709,0.545,4,26.8
Koto,Japan,Asia,32.7786,130.7454,0.544,8,19.9
Kalaburagi,India,Asia,17.3358,76.8376,0.543,474,21.9
Pingdu,China,Asia,36.7844,119.9464,0.542,59,17.7
Ajmer,India,Asia,26.4521,74.6387,0.542,475,19.3
Selayang Baru Utara,Malaysia,Asia,3.2549,101.6668,0.542,76,26.4
Ji'an,China,Asia,27.1172,114.9793,0.539,72,21.7
Sahiwal,Pakistan,Asia,31.9739,72.3311,0.538,171,19.1
Sahiwal,Pakistan,Asia,30.6659,73.1019,0.538,174,19.7
Mersin,Turkey,Asia,36.8120,34.6389,0.538,10,18.0
Aqsu,China,Asia,41.1842,80.2792,0.536,1119,8.5
Guli,China,Asia,28.8816,120.0331,0.536,121,20.7
Niluefer,Turkey,Asia,40.2140,28.9157,0.536,69,15.9
Tanggu,China,Asia,39.0211,117.6469,0.535,6,16.9
Pasir Gudang,Malaysia,Asia,1.4620,103.9053,0.535,29,26.8
Okara,Pakistan,Asia,30.8103,73.4515,0.534,181,19.6
Shangluo,China,Asia,33.8667,109.9306,0.532,702,14.9
Kimhae,South Korea,Asia,35.2342,128.8811,0.532,13,18.7
Ar Raqqah,Syria,Asia,35.9528,39.0079,0.532,259,16.8
Himeji,Japan,Asia,34.8167,134.7000,0.53,8,18.9
Mohammadpur,Bangladesh,Asia,24.8984,88.5284,0.528,40,22.6
Qionghai,China,Asia,19.2425,110.4642,0.528,24,24.4
Cangzhou,China,Asia,38.3112,116.8533,0.528,15,17.2
Hamadan,Iran,Asia,34.7992,48.5146,0.528,1820,7.2
Surakarta,Indonesia,Asia,-7.5561,110.8317,0.527,100,26.0
Beihai,China,Asia,21.4835,109.1155,0.525,0,24.0
Van,Turkey,Asia,38.4946,43.3832,0.525,1708,6.1
Thu GJuc,Vietnam,Asia,10.8486,106.7721,0.525,29,26.0
UEskuedar,Turkey,Asia,41.0227,29.0137,0.524,41,15.6
Mazar-e Sharif,Afghanistan,Asia,36.7090,67.1109,0.523,361,15.8
Kandahar,Afghanistan,Asia,31.6133,65.7101,0.523,1007,13.9
Hengshui,China,Asia,37.7391,115.6835,0.522,22,17.5
Erode,India,Asia,11.3428,77.7274,0.522,170,25.0
Dehradun,India,Asia,30.3244,78.0339,0.522,664,16.6
Daxing'anling,China,Asia,52.3338,124.7124,0.52,348,6.7
Esenler,Turkey,Asia,41.0435,28.8762,0.52,72,15.4
Durgapur,India,Asia,23.5158,87.3080,0.519,100,22.7
Utsunomiya,Japan,Asia,36.5667,139.8833,0.519,137,17.3
Qui Nhon,Vietnam,Asia,13.7765,109.2237,0.519,7,25.7
Ulhasnagar,India,Asia,19.2167,73.1500,0.517,10,24.5
Rahim Yar Khan,Pakistan,Asia,28.4199,70.3034,0.517,85,21.1
Guangyuan,China,Asia,32.4420,105.8230,0.516,525,16.6
Siliguri,India,Asia,26.7100,88.4285,0.516,124,21.5
Loni,India,Asia,28.7514,77.2902,0.516,213,20.2
Ujjain,India,Asia,23.1824,75.7764,0.515,494,20.2
Xianning,China,Asia,29.8435,114.3220,0.513,30,20.9
Bilimora,India,Asia,20.7696,72.9613,0.511,15,24.1
Matsuyama,Japan,Asia,33.8392,132.7657,0.511,28,19.3
Kasur,Pakistan,Asia,31.1187,74.4502,0.511,213,19.2
Tonghua,China,Asia,41.7197,125.9264,0.51,375,13.1
"Mianzhu, Deyang, Sichuan",China,Asia,31.3379,104.2206,0.51,599,16.6
Makati City,Philippines,Asia,14.5503,121.0327,0.51,25,25.4
Banan,China,Asia,29.3786,106.5400,0.509,216,19.9
Tuen Mun,Hong Kong,Asia,22.3917,113.9716,0.508,7,23.6
Kashgar,China,Asia,39.4672,75.9868,0.507,1284,8.4
Zhangye,China,Asia,38.9342,100.4517,0.507,1481,7.4
Mukim Pulai,Malaysia,Asia,1.5333,103.6667,0.506,9,26.9
Najran,Saudi Arabia,Asia,17.4933,44.1277,0.506,1310,16.5
Zhoukou,China,Asia,33.6333,114.6333,0.505,54,19.2
Pingliang,China,Asia,35.5392,106.6861,0.505,1354,9.9
Huangpu,China,Asia,31.2378,121.4781,0.505,35,20.3
Karol Bagh,India,Asia,28.6514,77.1907,0.505,231,20.1
Asansol,India,Asia,23.6833,86.9833,0.504,119,22.5
Arak,Iran,Asia,34.0949,49.6981,0.504,1738,8.0
Aktobe,Kazakhstan,Asia,50.2797,57.2072,0.501,210,8.9
Kota Kinabalu,Malaysia,Asia,5.9749,116.0724,0.5,5,26.7
Moscow,Russia,Europe,55.7520,37.6178,10.381,155,5.5
London,United Kingdom,Europe,51.5085,-0.1257,8.962,25,9.3
Saint Petersburg,Russia,Europe,59.9386,30.3141,5.352,11,3.2
Berlin,Germany,Europe,52.5244,13.4105,3.426,74,8.3
Madrid,Spain,Europe,40.4165,-3.7026,3.256,665,11.9
Kyiv,Ukraine,Europe,50.4547,30.5238,2.952,179,9.0
Rome,Italy,Europe,41.8919,12.5113,2.319,20,15.3
Paris,France,Europe,48.8534,2.3488,2.139,42,11.0
Hamburg,Germany,Europe,53.5507,9.9930,1.974,9,8.0
Bucharest,Romania,Europe,44.4323,26.1063,1.877,83,13.4
Minsk,Belarus,Europe,53.9002,27.5665,1.742,222,6.4
Budapest,Hungary,Europe,47.4984,19.0404,1.741,104,11.4
Warsaw,Poland,Europe,52.2298,21.0118,1.702,113,8.3
Vienna,Austria,Europe,48.2085,16.3721,1.691,171,10.5
Barcelona,Spain,Europe,41.3888,2.1590,1.686,15,15.6
Novosibirsk,Russia,Europe,55.0226,82.9317,1.613,113,6.3
Stockholm,Sweden,Europe,59.3294,18.0687,1.515,17,3.7
Munich,Germany,Europe,48.1374,11.5755,1.505,524,8.3
Yekaterinburg,Russia,Europe,56.8573,60.6153,1.495,278,3.9
Kharkiv,Ukraine,Europe,49.9818,36.2548,1.421,94,9.9
Milan,Italy,Europe,45.4643,9.1895,1.371,122,12.6
Belgrade,Serbia,Europe,44.8040,20.4651,1.274,120,13.0
Nizhniy Novgorod,Russia,Europe,56.3287,44.0020,1.259,141,5.1
Kazan,Russia,Europe,55.7887,49.1221,1.244,61,6.1
Chelyabinsk,Russia,Europe,55.1611,61.4288,1.202,232,5.4
Omsk,Russia,Europe,54.9924,73.3686,1.172,90,6.5
Prague,Czechia,Europe,50.0880,14.4208,1.166,202,9.1
Samara,Russia,Europe,53.2077,50.1355,1.163,107,7.6
Birmingham,United Kingdom,Europe,52.4814,-1.8998,1.158,149,7.9
Copenhagen,Denmark,Europe,55.6759,12.5655,1.154,14,6.5
Sofia,Bulgaria,Europe,42.6975,23.3241,1.153,562,11.3
Rostov-on-Don,Russia,Europe,47.2200,39.7077,1.13,54,11.9
Ufa,Russia,Europe,54.7431,55.9678,1.121,158,6.2
Krasnoyarsk,Russia,Europe,56.0374,92.9314,1.091,182,5.1
Oslo,Norway,Europe,59.9127,10.7461,1.083,26,3.1
Voronezh,Russia,Europe,51.6683,39.1920,1.048,148,8.4
Koeln,Germany,Europe,50.9333,6.9500,1.025,58,9.5
Dublin,Ireland,Europe,53.3331,-6.2489,1.024,17,8.1
Brussels,Belgium,Europe,50.8505,4.3488,1.019,28,9.8
Volgograd,Russia,Europe,48.7138,44.4976,1.014,42,11.1
Odesa,Ukraine,Europe,46.4857,30.7438,1.011,50,12.4
Pest,Hungary,Europe,47.5000,19.0833,1.002,113,11.4
Perm,Russia,Europe,58.0105,56.2502,0.982,149,3.8
Dnipro,Ukraine,Europe,48.4666,35.0407,0.969,120,10.7
Naples,Italy,Europe,40.8522,14.2681,0.909,17,15.9
Donetsk,Ukraine,Europe,48.0230,37.8022,0.902,223,10.3
Krasnodar,Russia,Europe,45.0453,38.9818,0.9,36,13.4
Marseille,France,Europe,43.2970,5.3811,0.877,28,14.4
Rotterdam,The Netherlands,Europe,51.9225,4.4792,0.868,9,9.1
Turin,Italy,Europe,45.0705,7.6868,0.847,239,12.0
Saratov,Russia,Europe,51.5405,45.9901,0.845,80,8.9
Valencia,Spain,Europe,39.4739,-0.3797,0.824,15,16.6
Krakow,Poland,Europe,50.0614,19.9366,0.817,219,9.0
Tyumen,Russia,Europe,57.1522,65.5272,0.768,81,4.9
Riga,Latvia,Europe,56.9460,24.1059,0.743,6,5.6
Amsterdam,The Netherlands,Europe,52.3740,4.8897,0.742,13,8.8
Lviv,Ukraine,Europe,49.8383,24.0232,0.717,284,8.8
Zaporizhzhya,Ukraine,Europe,47.8517,35.1171,0.71,105,11.2
Tolyatti,Russia,Europe,53.5303,49.3461,0.703,42,7.8
Sarajevo,Bosnia and Herzegovina,Europe,43.8486,18.3564,0.697,509,11.0
Sevilla,Spain,Europe,37.3828,-5.9732,0.687,16,17.7
Zaragoza,Spain,Europe,41.6561,-0.8773,0.687,214,14.2
Wroclaw,Poland,Europe,51.1029,17.0301,0.673,115,9.0
Athens,Greece,Europe,37.9838,23.7278,0.664,70,17.0
Zagreb,Croatia,Europe,45.8144,15.9780,0.664,135,12.3
Helsinki,Finland,Europe,60.1695,24.9354,0.659,26,2.9
Frankfurt am Main,Germany,Europe,50.1155,8.6842,0.65,113,9.7
Palermo,Italy,Europe,38.1166,13.3636,0.648,14,17.3
Izhevsk,Russia,Europe,56.8522,53.1986,0.648,155,4.7
Lodz,Poland,Europe,51.7706,19.4739,0.64,214,7.9
Chisinau,Moldova,Europe,47.0090,28.8594,0.636,24,12.3
Barnaul,Russia,Europe,53.3620,83.7279,0.632,197,6.9
Ulyanovsk,Russia,Europe,54.3282,48.3866,0.627,176,6.4
Glasgow,United Kingdom,Europe,55.8651,-4.2576,0.626,40,6.1
Irkutsk,Russia,Europe,52.2957,104.2908,0.624,415,6.3
Duesseldorf,Germany,Europe,51.2232,6.7793,0.619,42,9.4
Khabarovsk,Russia,Europe,48.4620,135.0971,0.618,48,11.2
Stuttgart,Germany,Europe,48.7823,9.1770,0.613,252,9.7
Yaroslavl,Russia,Europe,57.6299,39.8737,0.609,103,4.4
Gothenburg,Sweden,Europe,57.7072,11.9668,0.608,10,5.0
Vladivostok,Russia,Europe,43.1056,131.8735,0.605,40,14.5
Kryvyy Rih,Ukraine,Europe,47.9057,33.3940,0.604,84,11.3
Makhachkala,Russia,Europe,42.9778,47.5003,0.596,-10,14.8
Essen,Germany,Europe,51.4566,7.0123,0.593,83,9.0
Malaga,Spain,Europe,36.7202,-4.4203,0.592,22,18.0
Dortmund,Germany,Europe,51.5149,7.4660,0.588,96,8.9
Genoa,Italy,Europe,44.4048,8.9444,0.58,19,13.9
Tomsk,Russia,Europe,56.5005,84.9822,0.574,122,5.1
Manchester,United Kingdom,Europe,53.4809,-2.2374,0.569,51,7.8
Dresden,Germany,Europe,51.0509,13.7383,0.565,116,9.0
Orenburg,Russia,Europe,51.7671,55.0988,0.565,124,8.5
Kemerovo,Russia,Europe,55.3542,86.1043,0.559,114,6.0
Sheffield,United Kingdom,Europe,53.3830,-1.4659,0.556,75,7.7
Pristina,Kosovo,Europe,42.6727,21.1669,0.55,597,11.1
Sevastopol,Ukraine,Europe,44.6080,33.5213,0.548,50,13.5
Bremen,Germany,Europe,53.0758,8.8072,0.547,17,8.3
Vilnius,Lithuania,Europe,54.6892,25.2798,0.542,98,6.6
Novokuznetsk,Russia,Europe,53.7575,87.1360,0.54,213,6.5
Ryazan',Russia,Europe,54.6270,39.7041,0.539,124,6.5
Leeds,United Kingdom,Europe,53.7965,-1.5478,0.536,50,7.6
Poznan,Poland,Europe,52.4069,16.9299,0.536,69,8.4
Astrakhan,Russia,Europe,46.3497,48.0408,0.534,-12,12.8
Antwerp,Belgium,Europe,51.2205,4.4003,0.529,13,9.6
Penza,Russia,Europe,53.1957,45.0108,0.524,156,7.3
Lyon,France,Europe,45.7491,4.8479,0.521,173,12.1
Lisbon,Portugal,Europe,38.7251,-9.1498,0.518,68,16.7
Nuremberg,Germany,Europe,49.4542,11.0775,0.516,300,8.9
Hannover,Germany,Europe,52.3705,9.7332,0.515,57,8.5
Edinburgh,United Kingdom,Europe,55.9521,-3.1965,0.515,66,5.9
Toulouse,France,Europe,43.6043,1.4437,0.512,150,13.5
Buda,Hungary,Europe,47.5000,19.0333,0.51,165,11.0
Naberezhnyye Chelny,Russia,Europe,55.7372,52.4196,0.51,128,5.7
Lipetsk,Russia,Europe,52.5876,39.5515,0.51,156,7.7
Kirov,Russia,Europe,58.5981,49.6578,0.507,179,3.2
Leipzig,Germany,Europe,51.3396,12.3713,0.505,116,8.9
Kalininskiy,Russia,Europe,59.9967,30.3899,0.505,34,3.0
Duisburg,Germany,Europe,51.4325,6.7652,0.504,38,9.3
Homyel',Belarus,Europe,52.4345,30.9754,0.501,138,8.0
Mexico City,Mexico,North America,19.4285,-99.1277,12.294,2240,9.9
New York City,United States,North America,40.7143,-74.0060,8.804,10,16.0
Los Angeles,United States,North America,34.0522,-118.2437,3.821,89,18.8
Toronto,Canada,North America,43.7064,-79.3986,2.794,161,13.3
Brooklyn,United States,North America,40.6501,-73.9496,2.736,15,16.0
Chicago,United States,North America,41.8500,-87.6500,2.664,179,14.3
Queens,United States,North America,40.6815,-73.8365,2.317,12,16.0
Houston,United States,North America,29.7633,-95.3633,2.314,12,21.1
Santo Domingo,Dominican Republic,North America,18.4719,-69.8923,2.202,24,24.6
Havana,Cuba,North America,23.1330,-82.3830,2.164,41,23.2
Tijuana,Mexico,North America,32.5027,-117.0037,1.923,97,19.4
Iztapalapa,Mexico,North America,19.3553,-99.0622,1.835,2238,10.0
Montreal,Canada,North America,45.5088,-73.5878,1.763,216,11.9
Puebla,Mexico,North America,19.0478,-98.2072,1.692,2166,10.5
Phoenix,United States,North America,33.4484,-112.0740,1.65,331,17.5
Ecatepec de Morelos,Mexico,North America,19.6049,-99.0606,1.645,2306,9.5
Santiago de Queretaro,Mexico,North America,20.5881,-100.3881,1.594,1826,12.3
Leon de los Aldama,Mexico,North America,21.1218,-101.6825,1.58,1803,12.3
Philadelphia,United States,North America,39.9524,-75.1636,1.574,12,16.4
San Antonio,United States,North America,29.4241,-98.4936,1.527,198,20.0
Ciudad Juarez,Mexico,North America,31.7202,-106.4608,1.512,1124,13.1
Manhattan,United States,North America,40.7834,-73.9663,1.488,35,15.8
Zapopan,Mexico,North America,20.7211,-103.3874,1.476,1565,14.0
San Diego,United States,North America,32.7157,-117.1647,1.404,20,19.8
Guadalajara,Mexico,North America,20.6774,-103.3475,1.386,1546,14.1
The Bronx,United States,North America,40.8499,-73.8664,1.385,23,15.8
Dallas,United States,North America,32.7831,-96.8067,1.326,128,19.1
Calgary,Canada,North America,51.0501,-114.0853,1.307,1048,3.0
Port-au-Prince,Haiti,North America,18.5435,-72.3388,1.235,27,24.6
Merida,Mexico,North America,20.9670,-89.6232,1.201,10,24.0
Santiago de los Caballeros,Dominican Republic,North America,19.4504,-70.6908,1.2,209,23.1
Gustavo Adolfo Madero,Mexico,North America,19.4939,-99.1107,1.186,2284,9.6
Monterrey,Mexico,North America,25.6843,-100.3172,1.136,560,19.0
Ciudad Nezahualcoyotl,Mexico,North America,19.4006,-99.0148,1.077,2235,10.0
Mexicali,Mexico,North America,32.6278,-115.4545,1.033,4,19.9
Ottawa,Canada,North America,45.4112,-75.6981,1.017,71,12.9
Edmonton,Canada,North America,53.5501,-113.4687,1.011,668,3.7
Jacksonville,United States,North America,30.3322,-81.6556,1.01,5,20.9
Fort Worth,United States,North America,32.7254,-97.3208,1.008,199,18.6
San Jose,United States,North America,37.3394,-121.8950,0.997,26,17.6
Guatemala City,Guatemala,North America,14.6407,-90.5133,0.995,1508,15.8
Austin,United States,North America,30.2672,-97.7431,0.974,149,20.0
Managua,Nicaragua,North America,12.1328,-86.2504,0.973,108,25.3
Kingston,Jamaica,North America,17.9970,-76.7936,0.938,65,24.4
Chihuahua,Mexico,North America,28.6353,-106.0889,0.926,1437,12.2
Columbus,United States,North America,39.9612,-82.9988,0.913,235,14.9
Charlotte,United States,North America,35.2271,-80.8431,0.911,229,17.3
Cancun,Mexico,North America,21.1743,-86.8466,0.889,11,24.0
Indianapolis,United States,North America,39.7684,-86.1580,0.888,218,15.1
Tegucigalpa,Honduras,North America,14.0818,-87.2068,0.851,944,19.6
Naucalpan de Juarez,Mexico,North America,19.4785,-99.2396,0.834,2300,9.5
San Francisco,United States,North America,37.7749,-122.4194,0.828,16,17.5
Hermosillo,Mexico,North America,29.0887,-110.9668,0.812,202,20.1
Culiacan,Mexico,North America,24.8021,-107.3942,0.808,47,22.6
San Pedro Sula,Honduras,North America,15.5059,-88.0259,0.801,90,24.8
Seattle,United States,North America,47.6062,-122.3321,0.781,56,11.7
Winnipeg,Canada,North America,49.8844,-97.1470,0.75,245,9.0
Morelia,Mexico,North America,19.7008,-101.1844,0.743,1917,12.0
Torreon,Mexico,North America,25.5439,-103.4190,0.735,1124,15.4
Denver,United States,North America,39.7392,-104.9847,0.729,1609,6.1
Alvaro Obregon,Mexico,North America,19.3587,-99.2033,0.727,2338,9.3
San Luis Potosi,Mexico,North America,22.1523,-100.9714,0.723,1886,11.5
Aguascalientes,Mexico,North America,21.8826,-102.2843,0.722,1885,11.6
Mississauga,Canada,North America,43.5789,-79.6583,0.718,159,13.4
Saltillo,Mexico,North America,25.4260,-100.9796,0.71,1578,12.5
Santo Domingo Oeste,Dominican Republic,North America,18.5000,-70.0000,0.701,58,24.4
Santo Domingo Este,Dominican Republic,North America,18.4851,-69.8476,0.7,41,24.5
Washington,United States,North America,38.8951,-77.0364,0.69,7,17.0
Nashville,United States,North America,36.1659,-86.7844,0.689,170,17.3
Oklahoma City,United States,North America,35.4676,-97.5164,0.681,366,16.3
El Paso,United States,North America,31.7587,-106.4869,0.679,1133,13.0
Guadalupe,Mexico,North America,25.6766,-100.2591,0.674,496,19.4
Vancouver,Canada,North America,49.2497,-123.1193,0.662,70,10.5
Acapulco de Juarez,Mexico,North America,16.8494,-99.9089,0.659,16,25.0
Brampton,Canada,North America,43.6834,-79.7663,0.656,221,13.0
Boston,United States,North America,42.3584,-71.0598,0.654,14,15.1
Tlalnepantla,Mexico,North America,19.5401,-99.1954,0.653,2260,9.8
Portland,United States,North America,45.5234,-122.6762,0.653,12,13.2
Tlaquepaque,Mexico,North America,20.6412,-103.2934,0.65,1581,13.9
Detroit,United States,North America,42.3314,-83.0457,0.646,183,14.0
New South Memphis,United States,North America,35.0868,-90.0568,0.642,79,18.4
Las Vegas,United States,North America,36.1750,-115.1372,0.642,610,14.4
Memphis,United States,North America,35.1495,-90.0490,0.633,78,18.3
Louisville,United States,North America,38.2542,-85.7594,0.624,142,16.4
Villa Nueva,Guatemala,North America,14.5251,-90.5854,0.618,1331,17.0
Coyoacan,Mexico,North America,19.3467,-99.1617,0.614,2255,9.9
Tuxtla,Mexico,North America,16.7536,-93.1158,0.604,535,21.7
Reynosa,Mexico,North America,26.0800,-98.2846,0.589,38,22.3
Baltimore,United States,North America,39.2904,-76.6122,0.586,10,16.7
New Kingston,Jamaica,North America,18.0075,-76.7832,0.584,99,24.2
Tlalpan,Mexico,North America,19.2951,-99.1621,0.575,2256,9.9
South Boston,United States,North America,42.3334,-71.0495,0.571,14,15.1
Hamilton,Canada,North America,43.2501,-79.8496,0.569,95,14.0
Surrey,Canada,North America,49.1063,-122.8251,0.568,82,10.6
Albuquerque,United States,North America,35.0845,-106.6511,0.565,1511,9.1
Milwaukee,United States,North America,43.0389,-87.9065,0.564,188,13.6
Santiago de Cuba,Cuba,North America,20.0229,-75.8217,0.556,33,24.1
Cuautitlan Izcalli,Mexico,North America,19.6439,-99.2160,0.555,2288,9.6
Tucson,United States,North America,32.2217,-110.9265,0.543,759,15.2
Fresno,United States,North America,36.7477,-119.7724,0.542,94,17.5
Quebec,Canada,North America,46.8123,-71.2145,0.532,54,12.2
Cuauhtemoc,Mexico,North America,19.4451,-99.1461,0.532,2237,10.0
San Salvador,El Salvador,North America,13.6893,-89.1872,0.526,653,21.5
Sacramento,United States,North America,38.5816,-121.4944,0.525,9,17.1
Victoria de Durango,Mexico,North America,24.0203,-104.6576,0.519,1884,10.9
Carrefour,Haiti,North America,18.5333,-72.4000,0.511,57,24.4
Heroica Matamoros,Mexico,North America,25.8797,-97.5042,0.511,16,22.5
Atlanta,United States,North America,33.7490,-84.3880,0.511,320,17.4
Sydney,Australia,Oceania,-33.8678,151.2073,5.639,58,19.1
Brisbane,Australia,Oceania,-27.4679,153.0281,5.639,27,21.8
Melbourne,Australia,Oceania,-37.8140,144.9633,5.436,25,17.4
Perth,Australia,Oceania,-31.9522,115.8614,2.384,34,20.0
Auckland,New Zealand,Oceania,-36.8485,174.7635,1.547,43,17.8
Adelaide,Australia,Oceania,-34.9287,138.5986,1.469,59,18.6
Gold Coast,Australia,Oceania,-28.0003,153.4309,0.641,12,21.7
Newcastle,Australia,Oceania,-32.9295,151.7801,0.508,48,19.5
Sao Paulo,Brazil,South America,-23.5475,-46.6361,12.4,769,18.3
Lima,Peru,South America,-12.0432,-77.0282,7.737,152,25.1
Bogota,Colombia,South America,4.6097,-74.0817,7.674,2582,10.1
Rio de Janeiro,Brazil,South America,-22.9064,-43.1822,6.748,12,23.5
Santiago,Chile,South America,-33.4569,-70.6483,4.837,556,16.0
Caracas,Venezuela,South America,10.4880,-66.8792,3.0,887,20.5
Buenos Aires,Argentina,South America,-34.6131,-58.3772,2.891,31,18.9
Quito,Ecuador,South America,-0.2298,-78.5250,2.782,2854,8.4
Guayaquil,Ecuador,South America,-2.1962,-79.8862,2.724,14,26.9
Belo Horizonte,Brazil,South America,-19.9208,-43.9378,2.722,888,18.6
Salvador,Brazil,South America,-12.9756,-38.4910,2.712,4,25.9
Fortaleza,Brazil,South America,-3.7172,-38.5431,2.4,18,26.8
Cali,Colombia,South America,3.4305,-76.5199,2.393,758,22.0
Manaus,Brazil,South America,-3.1019,-60.0250,2.22,20,26.8
Brasilia,Brazil,South America,-15.7797,-47.9297,2.208,1136,18.0
Cordoba,Argentina,South America,-31.4065,-64.1885,2.107,378,18.0
La Paz,Bolivia,South America,-16.5000,-68.1500,2.005,3782,0.6
Medellin,Colombia,South America,6.2450,-75.5715,2.0,1405,17.6
Curitiba,Brazil,South America,-25.4278,-49.2731,1.949,924,16.7
Santa Cruz de la Sierra,Bolivia,South America,-17.7863,-63.1812,1.831,433,22.1
Maracaibo,Venezuela,South America,10.6423,-71.6109,1.753,0,26.3
Recife,Brazil,South America,-8.0539,-34.8811,1.653,8,26.5
Valencia,Venezuela,South America,10.1615,-68.0004,1.619,547,22.8
Goiania,Brazil,South America,-16.6786,-49.2539,1.536,766,20.2
Belem,Brazil,South America,-1.4558,-48.5044,1.5,15,26.9
Porto Alegre,Brazil,South America,-30.0328,-51.2302,1.488,46,20.7
Asuncion,Paraguay,South America,-25.2865,-57.6470,1.482,113,22.0
Montevideo,Uruguay,South America,-34.9033,-56.1882,1.271,34,18.7
Barquisimeto,Venezuela,South America,10.0647,-69.3570,1.241,606,22.4
Callao,Peru,South America,-12.0516,-77.1345,1.226,5,26.0
Barranquilla,Colombia,South America,10.9685,-74.7813,1.206,24,26.0
Arequipa,Peru,South America,-16.3990,-71.5375,1.196,2397,9.6
Guarulhos,Brazil,South America,-23.4628,-46.5333,1.17,774,18.3
Trujillo,Peru,South America,-8.1160,-79.0300,1.068,31,26.4
Maceio,Brazil,South America,-9.6658,-35.7353,1.032,11,26.3
Campinas,Brazil,South America,-22.9056,-47.0608,1.032,686,19.1
Kennedy,Colombia,South America,4.6165,-74.1460,0.98,2556,10.2
Ciudad Guayana,Venezuela,South America,8.3512,-62.6410,0.978,103,25.9
Rosario,Argentina,South America,-32.9468,-60.6393,0.948,38,19.6
Sao Luis,Brazil,South America,-2.5297,-44.3028,0.917,29,26.8
Cartagena,Colombia,South America,10.3982,-75.4933,0.915,20,26.2
Campo Grande,Brazil,South America,-20.4428,-54.6464,0.906,592,20.4
Natal,Brazil,South America,-5.7950,-35.2094,0.897,32,26.6
Teresina,Brazil,South America,-5.0892,-42.8019,0.871,87,26.3
Cochabamba,Bolivia,South America,-17.3819,-66.1599,0.841,2537,8.5
Nova Iguacu,Brazil,South America,-22.7592,-43.4511,0.823,36,23.3
Joao Pessoa,Brazil,South America,-7.1150,-34.8631,0.818,45,26.4
Duque de Caxias,Brazil,South America,-22.7856,-43.3117,0.818,15,23.5
Barcelona,Venezuela,South America,10.1384,-64.6877,0.815,3,26.3
Cucuta,Colombia,South America,7.9074,-72.5049,0.777,298,24.7
Sao Bernardo do Campo,Brazil,South America,-23.6939,-46.5650,0.743,796,18.1
Sao Jose dos Campos,Brazil,South America,-23.1794,-45.8869,0.73,600,19.6
Osasco,Brazil,South America,-23.5325,-46.7917,0.729,750,18.5
Ribeirao Preto,Brazil,South America,-21.1775,-47.8103,0.712,554,20.4
Sorocaba,Brazil,South America,-23.5017,-47.4581,0.687,602,19.4
Aracaju,Brazil,South America,-10.9111,-37.0717,0.665,11,26.1
Santo Andre,Brazil,South America,-23.6639,-46.5383,0.662,801,18.1
Soacha,Colombia,South America,4.5794,-74.2168,0.655,2565,10.2
Maturin,Venezuela,South America,9.7457,-63.1832,0.647,71,25.9
Jaboatao dos Guararapes,Brazil,South America,-8.1128,-35.0147,0.644,48,26.3
Cuenca,Ecuador,South America,-2.8953,-78.9963,0.637,2484,10.8
Piura,Peru,South America,-5.1819,-80.6572,0.63,29,26.6
Contagem,Brazil,South America,-19.9317,-44.0536,0.627,945,18.2
Feira de Santana,Brazil,South America,-12.2667,-38.9667,0.62,223,24.6
Cuiaba,Brazil,South America,-15.5961,-56.0967,0.618,193,24.1
Chiclayo,Peru,South America,-6.7701,-79.8550,0.609,1,26.7
Mar del Plata,Argentina,South America,-38.0004,-57.5562,0.593,14,17.4
Londrina,Brazil,South America,-23.3103,-51.1628,0.588,605,19.5
Bucaramanga,Colombia,South America,7.1250,-73.1189,0.581,1010,20.1
Juiz de Fora,Brazil,South America,-21.7642,-43.3503,0.573,707,19.3
Puente Alto,Chile,South America,-33.6117,-70.5758,0.568,700,15.0
Uberlandia,Brazil,South America,-18.9186,-48.2772,0.564,867,19.0
San Miguel de Tucuman,Argentina,South America,-26.8160,-65.2105,0.549,440,19.4
Porto Velho,Brazil,South America,-8.7619,-63.9039,0.549,90,25.9
Ibague,Colombia,South America,4.4357,-75.2029,0.53,1047,20.1
Salta,Argentina,South America,-24.8065,-65.4200,0.521,1054,16.1
Serra,Brazil,South America,-20.1286,-40.3078,0.521,57,24.0
Macapa,Brazil,South America,0.0389,-51.0664,0.513,17,26.9
Campos dos Goytacazes,Brazil,South America,-21.7523,-41.3304,0.511,13,23.8
Aparecida de Goiania,Brazil,South America,-16.8233,-49.2439,0.511,829,19.7
Florianopolis,Brazil,South America,-27.5967,-48.5492,0.509,26,21.8
Maipu,Chile,South America,-33.5142,-70.7651,0.504,478,16.5
